uri,label,sameAs_ecartico,provenance
,'s Gravenmoer,http://www.vondel.humanities.uva.nl/ecartico/places/2896,ga
,'s-Graveland,http://www.vondel.humanities.uva.nl/ecartico/places/917,ga
,'s-Gravendeel,http://www.vondel.humanities.uva.nl/ecartico/places/435,ga
,'s-Gravenpolder,http://www.vondel.humanities.uva.nl/ecartico/places/2487,ga
,'s-Gravenzande,http://www.vondel.humanities.uva.nl/ecartico/places/767,ga
,'s-Heerenberg,http://www.vondel.humanities.uva.nl/ecartico/places/1297,ga
,'s-Hertogenbosch,http://www.vondel.humanities.uva.nl/ecartico/places/436,ga
,'s-Hertogenrade,http://www.vondel.humanities.uva.nl/ecartico/places/1378,ga
,Aabenraa,http://www.vondel.humanities.uva.nl/ecartico/places/3053,ga
,Aalborg,http://www.vondel.humanities.uva.nl/ecartico/places/1593,ga
,Aalsmeer,http://www.vondel.humanities.uva.nl/ecartico/places/945,ga
,Aalten,http://www.vondel.humanities.uva.nl/ecartico/places/1568,ga
,Aardenburg,http://www.vondel.humanities.uva.nl/ecartico/places/795,ga
,Aarhus,http://www.vondel.humanities.uva.nl/ecartico/places/1562,ga
,Aarlanderveen,http://www.vondel.humanities.uva.nl/ecartico/places/1434,ga
,Abbehausen,http://www.vondel.humanities.uva.nl/ecartico/places/1276,ga
,Abbekerk,http://www.vondel.humanities.uva.nl/ecartico/places/902,ga
,Abbenbroek,http://www.vondel.humanities.uva.nl/ecartico/places/2332,ga
,Abbeville,http://www.vondel.humanities.uva.nl/ecartico/places/1061,ga
,Abcoude,http://www.vondel.humanities.uva.nl/ecartico/places/3,ga
,Aberdeen,http://www.vondel.humanities.uva.nl/ecartico/places/2113,ga
,Aduard,http://www.vondel.humanities.uva.nl/ecartico/places/1436,ga
,Ahaus,http://www.vondel.humanities.uva.nl/ecartico/places/1040,ga
,Ahlen,http://www.vondel.humanities.uva.nl/ecartico/places/2079,ga
,Aix-en-Provence,http://www.vondel.humanities.uva.nl/ecartico/places/4,ga
,Aken,http://www.vondel.humanities.uva.nl/ecartico/places/5,ga
,Alblasserdam,http://www.vondel.humanities.uva.nl/ecartico/places/880,ga
,Aleppo,http://www.vondel.humanities.uva.nl/ecartico/places/613,ga
,Alkmaar,http://www.vondel.humanities.uva.nl/ecartico/places/7,ga
,Almelo,http://www.vondel.humanities.uva.nl/ecartico/places/978,ga
,Alphen aan den Rijn,http://www.vondel.humanities.uva.nl/ecartico/places/8,ga
,Altena,http://www.vondel.humanities.uva.nl/ecartico/places/1142,ga
,Altona,http://www.vondel.humanities.uva.nl/ecartico/places/812,ga
,Ameide,http://www.vondel.humanities.uva.nl/ecartico/places/1294,ga
,Ameland,http://www.vondel.humanities.uva.nl/ecartico/places/1085,ga
,Amerongen,http://www.vondel.humanities.uva.nl/ecartico/places/2338,ga
,Amersfoort,http://www.vondel.humanities.uva.nl/ecartico/places/9,ga
,Amiens,http://www.vondel.humanities.uva.nl/ecartico/places/10,ga
,Amstelveen,http://www.vondel.humanities.uva.nl/ecartico/places/593,ga
,Amsterdam,http://www.vondel.humanities.uva.nl/ecartico/places/11,ga
,Ängelholm,http://www.vondel.humanities.uva.nl/ecartico/places/3086,ga
,Angers,http://www.vondel.humanities.uva.nl/ecartico/places/2067,ga
,Angola,http://www.vondel.humanities.uva.nl/ecartico/places/3101,ga
,Anhalt,http://www.vondel.humanities.uva.nl/ecartico/places/1346,ga
,Anholt,http://www.vondel.humanities.uva.nl/ecartico/places/1109,ga
,Anjum,http://www.vondel.humanities.uva.nl/ecartico/places/3071,ga
,Ankeveen,http://www.vondel.humanities.uva.nl/ecartico/places/1170,ga
,Anraht,http://www.vondel.humanities.uva.nl/ecartico/places/1410,ga
,Ansbach,http://www.vondel.humanities.uva.nl/ecartico/places/658,ga
,Antwerpen,http://www.vondel.humanities.uva.nl/ecartico/places/13,ga
,Apeldoorn,http://www.vondel.humanities.uva.nl/ecartico/places/14,ga
,Appeltern,http://www.vondel.humanities.uva.nl/ecartico/places/2205,ga
,Appingedam,http://www.vondel.humanities.uva.nl/ecartico/places/15,ga
,Archangelsk,http://www.vondel.humanities.uva.nl/ecartico/places/3090,ga
,Arendal,http://www.vondel.humanities.uva.nl/ecartico/places/3091,ga
,Arkel,http://www.vondel.humanities.uva.nl/ecartico/places/2131,ga
,Armentières,http://www.vondel.humanities.uva.nl/ecartico/places/758,ga
,Arnemuiden,http://www.vondel.humanities.uva.nl/ecartico/places/17,ga
,Arnhem,http://www.vondel.humanities.uva.nl/ecartico/places/18,ga
,Arum,http://www.vondel.humanities.uva.nl/ecartico/places/2019,ga
,Assen,http://www.vondel.humanities.uva.nl/ecartico/places/598,ga
,Assendelft,http://www.vondel.humanities.uva.nl/ecartico/places/19,ga
,Atrecht (Arras),http://www.vondel.humanities.uva.nl/ecartico/places/21,ga
,Augsburg,http://www.vondel.humanities.uva.nl/ecartico/places/23,ga
,Aurich,http://www.vondel.humanities.uva.nl/ecartico/places/863,ga
,Axel,http://www.vondel.humanities.uva.nl/ecartico/places/805,ga
,Badbergen,http://www.vondel.humanities.uva.nl/ecartico/places/3105,ga
,Balk,http://www.vondel.humanities.uva.nl/ecartico/places/1152,ga
,Barbados,http://www.vondel.humanities.uva.nl/ecartico/places/1767,ga
,Barcelona,http://www.vondel.humanities.uva.nl/ecartico/places/3069,ga
,Barcelonnette,http://www.vondel.humanities.uva.nl/ecartico/places/3068,ga
,Barneveld,http://www.vondel.humanities.uva.nl/ecartico/places/34,ga
,Barsingerhorn,http://www.vondel.humanities.uva.nl/ecartico/places/930,ga
,Basel,http://www.vondel.humanities.uva.nl/ecartico/places/35,ga
,Batavia,http://www.vondel.humanities.uva.nl/ecartico/places/36,ga
,Bayeux,http://www.vondel.humanities.uva.nl/ecartico/places/1039,ga
,Bayonne,http://www.vondel.humanities.uva.nl/ecartico/places/792,ga
,Beetsterzwaag,http://www.vondel.humanities.uva.nl/ecartico/places/40,ga
,Bennebroek,http://www.vondel.humanities.uva.nl/ecartico/places/2227,ga
,Bennekom,http://www.vondel.humanities.uva.nl/ecartico/places/1664,ga
,Benningbroek,http://www.vondel.humanities.uva.nl/ecartico/places/2363,ga
,Bentheim,http://www.vondel.humanities.uva.nl/ecartico/places/821,ga
,Bergen (Mons),http://www.vondel.humanities.uva.nl/ecartico/places/44,ga
,Bergen (Noorwegen),http://www.vondel.humanities.uva.nl/ecartico/places/45,ga
,Bergen NH,http://www.vondel.humanities.uva.nl/ecartico/places/1012,ga
,Bergen op Zoom,http://www.vondel.humanities.uva.nl/ecartico/places/46,ga
,Berlijn,http://www.vondel.humanities.uva.nl/ecartico/places/48,ga
,Bermuda,http://www.vondel.humanities.uva.nl/ecartico/places/3074,ga
,Bern,http://www.vondel.humanities.uva.nl/ecartico/places/738,ga
,Beverwijk,http://www.vondel.humanities.uva.nl/ecartico/places/52,ga
,Bielefeld,http://www.vondel.humanities.uva.nl/ecartico/places/54,ga
,Blesdijke,http://www.vondel.humanities.uva.nl/ecartico/places/1309,ga
,Blexen,http://www.vondel.humanities.uva.nl/ecartico/places/1573,ga
,Blexersande,http://www.vondel.humanities.uva.nl/ecartico/places/3070,ga
,Blija,http://www.vondel.humanities.uva.nl/ecartico/places/943,ga
,Blokzijl,http://www.vondel.humanities.uva.nl/ecartico/places/1055,ga
,Bocholt,http://www.vondel.humanities.uva.nl/ecartico/places/1010,ga
,Bodegraven,http://www.vondel.humanities.uva.nl/ecartico/places/60,ga
,Bolsward,http://www.vondel.humanities.uva.nl/ecartico/places/63,ga
,Bonn,http://www.vondel.humanities.uva.nl/ecartico/places/720,ga
,Borculo,http://www.vondel.humanities.uva.nl/ecartico/places/65,ga
,Bordeaux,http://www.vondel.humanities.uva.nl/ecartico/places/66,ga
,Borken,http://www.vondel.humanities.uva.nl/ecartico/places/1359,ga
,Borkum,http://www.vondel.humanities.uva.nl/ecartico/places/1048,ga
,Bornholm,http://www.vondel.humanities.uva.nl/ecartico/places/3085,ga
,Boulogne-sur-Mer,http://www.vondel.humanities.uva.nl/ecartico/places/1727,ga
,Braunschweig,http://www.vondel.humanities.uva.nl/ecartico/places/74,ga
,Brazilië,http://www.vondel.humanities.uva.nl/ecartico/places/75,ga
,Breda,http://www.vondel.humanities.uva.nl/ecartico/places/76,ga
,Bredevoort,http://www.vondel.humanities.uva.nl/ecartico/places/597,ga
,Bredstedt,http://www.vondel.humanities.uva.nl/ecartico/places/1211,ga
,Bree,http://www.vondel.humanities.uva.nl/ecartico/places/982,ga
,Bremen,http://www.vondel.humanities.uva.nl/ecartico/places/77,ga
,Bremerland,http://www.vondel.humanities.uva.nl/ecartico/places/1330,ga
,Breslau (Wrocław),http://www.vondel.humanities.uva.nl/ecartico/places/79,ga
,Breukelen,http://www.vondel.humanities.uva.nl/ecartico/places/838,ga
,Brielle,http://www.vondel.humanities.uva.nl/ecartico/places/98,ga
,Brouwershaven,http://www.vondel.humanities.uva.nl/ecartico/places/900,ga
,Brugge,http://www.vondel.humanities.uva.nl/ecartico/places/82,ga
,Bruinisse,http://www.vondel.humanities.uva.nl/ecartico/places/1609,ga
,Brummen,http://www.vondel.humanities.uva.nl/ecartico/places/1700,ga
,Brunsbüttel,http://www.vondel.humanities.uva.nl/ecartico/places/1053,ga
,Brussel,http://www.vondel.humanities.uva.nl/ecartico/places/83,ga
,Büderich (Werl),http://www.vondel.humanities.uva.nl/ecartico/places/3061,ga
,Büderich (Wesel),http://www.vondel.humanities.uva.nl/ecartico/places/3060,ga
,Buiksloot,http://www.vondel.humanities.uva.nl/ecartico/places/591,ga
,Bunde (Oost-Friesland),http://www.vondel.humanities.uva.nl/ecartico/places/1932,ga
,Bunschoten,http://www.vondel.humanities.uva.nl/ecartico/places/804,ga
,Butjadingen,http://www.vondel.humanities.uva.nl/ecartico/places/2077,ga
,Cloppenburg,http://www.vondel.humanities.uva.nl/ecartico/places/1177,ga
,Coesfeld,http://www.vondel.humanities.uva.nl/ecartico/places/1144,ga
,Coevorden,http://www.vondel.humanities.uva.nl/ecartico/places/1116,ga
,Culemborg,http://www.vondel.humanities.uva.nl/ecartico/places/92,ga
,Danzig (Gdańsk),http://www.vondel.humanities.uva.nl/ecartico/places/94,ga
,Darmstadt,http://www.vondel.humanities.uva.nl/ecartico/places/95,ga
,De Overtoom,http://www.vondel.humanities.uva.nl/ecartico/places/1175,ga
,De Zijpe,http://www.vondel.humanities.uva.nl/ecartico/places/1723,ga
,Delden,http://www.vondel.humanities.uva.nl/ecartico/places/1072,ga
,Delfshaven,http://www.vondel.humanities.uva.nl/ecartico/places/96,ga
,Delft,http://www.vondel.humanities.uva.nl/ecartico/places/97,ga
,Delfzijl,http://www.vondel.humanities.uva.nl/ecartico/places/929,ga
,Delmenhorst,http://www.vondel.humanities.uva.nl/ecartico/places/1165,ga
,Demerary,http://www.vondel.humanities.uva.nl/ecartico/places/3103,ga
,Demmerik,http://www.vondel.humanities.uva.nl/ecartico/places/3104,ga
,Den Haag,http://www.vondel.humanities.uva.nl/ecartico/places/100,ga
,Den Helder,http://www.vondel.humanities.uva.nl/ecartico/places/1079,ga
,Dendermonde,http://www.vondel.humanities.uva.nl/ecartico/places/101,ga
,Denekamp,http://www.vondel.humanities.uva.nl/ecartico/places/102,ga
,Denemarken,http://www.vondel.humanities.uva.nl/ecartico/places/103,ga
,Detmold,http://www.vondel.humanities.uva.nl/ecartico/places/1651,ga
,Deventer,http://www.vondel.humanities.uva.nl/ecartico/places/105,ga
,Diemen,http://www.vondel.humanities.uva.nl/ecartico/places/108,ga
,Diepenheim,http://www.vondel.humanities.uva.nl/ecartico/places/1847,ga
,Diepenveen,http://www.vondel.humanities.uva.nl/ecartico/places/2424,ga
,Diepholz,http://www.vondel.humanities.uva.nl/ecartico/places/1571,ga
,Dieppe,http://www.vondel.humanities.uva.nl/ecartico/places/109,ga
,Dijon,http://www.vondel.humanities.uva.nl/ecartico/places/111,ga
,Diksmuide,http://www.vondel.humanities.uva.nl/ecartico/places/112,ga
,Dithmarschen,http://www.vondel.humanities.uva.nl/ecartico/places/952,ga
,Dodewaard,http://www.vondel.humanities.uva.nl/ecartico/places/2427,ga
,Doesburg,http://www.vondel.humanities.uva.nl/ecartico/places/786,ga
,Doetinchem,http://www.vondel.humanities.uva.nl/ecartico/places/115,ga
,Dokkum,http://www.vondel.humanities.uva.nl/ecartico/places/116,ga
,Dongeradeel,http://www.vondel.humanities.uva.nl/ecartico/places/1335,ga
,Doornik,http://www.vondel.humanities.uva.nl/ecartico/places/117,ga
,Dordrecht,http://www.vondel.humanities.uva.nl/ecartico/places/118,ga
,Dortmund,http://www.vondel.humanities.uva.nl/ecartico/places/119,ga
,Drachten,http://www.vondel.humanities.uva.nl/ecartico/places/122,ga
,Drempt,http://www.vondel.humanities.uva.nl/ecartico/places/2432,ga
,Dresden,http://www.vondel.humanities.uva.nl/ecartico/places/717,ga
,Dronrijp,http://www.vondel.humanities.uva.nl/ecartico/places/124,ga
,Duinkerken,http://www.vondel.humanities.uva.nl/ecartico/places/127,ga
,Durgerdam,http://www.vondel.humanities.uva.nl/ecartico/places/130,ga
,Düsseldorf,http://www.vondel.humanities.uva.nl/ecartico/places/131,ga
,Ebeltoft,http://www.vondel.humanities.uva.nl/ecartico/places/3067,ga
,Edam,http://www.vondel.humanities.uva.nl/ecartico/places/132,ga
,Edinburgh,http://www.vondel.humanities.uva.nl/ecartico/places/133,ga
,Eibergen,http://www.vondel.humanities.uva.nl/ecartico/places/2448,ga
,Elberfeld,http://www.vondel.humanities.uva.nl/ecartico/places/139,ga
,Elblag (Elbing),http://www.vondel.humanities.uva.nl/ecartico/places/656,ga
,Elburg,http://www.vondel.humanities.uva.nl/ecartico/places/140,ga
,Elmina,http://www.vondel.humanities.uva.nl/ecartico/places/1665,ga
,Elst,http://www.vondel.humanities.uva.nl/ecartico/places/984,ga
,Emden,http://www.vondel.humanities.uva.nl/ecartico/places/142,ga
,Emmelkamp,http://www.vondel.humanities.uva.nl/ecartico/places/3096,ga
,Emmerik,http://www.vondel.humanities.uva.nl/ecartico/places/143,ga
,Engeland,http://www.vondel.humanities.uva.nl/ecartico/places/144,ga
,Enkhuizen,http://www.vondel.humanities.uva.nl/ecartico/places/145,ga
,Enschede,http://www.vondel.humanities.uva.nl/ecartico/places/989,ga
,Esens,http://www.vondel.humanities.uva.nl/ecartico/places/996,ga
,Flekkerøy,http://www.vondel.humanities.uva.nl/ecartico/places/2111,ga
,Flensburg,http://www.vondel.humanities.uva.nl/ecartico/places/889,ga
,Florence,http://www.vondel.humanities.uva.nl/ecartico/places/151,ga
,Föhr,http://www.vondel.humanities.uva.nl/ecartico/places/1029,ga
,Follega,http://www.vondel.humanities.uva.nl/ecartico/places/2961,ga
,Franeker,http://www.vondel.humanities.uva.nl/ecartico/places/153,ga
,Frankenberg,http://www.vondel.humanities.uva.nl/ecartico/places/886,ga
,Frankenstein in Schlesien,http://www.vondel.humanities.uva.nl/ecartico/places/1983,ga
,Frankenthal,http://www.vondel.humanities.uva.nl/ecartico/places/154,ga
,Frankfurt am Main,http://www.vondel.humanities.uva.nl/ecartico/places/155,ga
,Frankfurt an der Oder,http://www.vondel.humanities.uva.nl/ecartico/places/1132,ga
,Friesland,http://www.vondel.humanities.uva.nl/ecartico/places/160,ga
,Friesoythe,http://www.vondel.humanities.uva.nl/ecartico/places/3089,ga
,Geertruidenberg,http://www.vondel.humanities.uva.nl/ecartico/places/161,ga
,Genemuiden,http://www.vondel.humanities.uva.nl/ecartico/places/1005,ga
,Genève,http://www.vondel.humanities.uva.nl/ecartico/places/859,ga
,Gent,http://www.vondel.humanities.uva.nl/ecartico/places/165,ga
,Genua,http://www.vondel.humanities.uva.nl/ecartico/places/166,ga
,Giessendam,http://www.vondel.humanities.uva.nl/ecartico/places/2478,ga
,Glückstadt,http://www.vondel.humanities.uva.nl/ecartico/places/850,ga
,Goa (India),http://www.vondel.humanities.uva.nl/ecartico/places/170,ga
,Goch,http://www.vondel.humanities.uva.nl/ecartico/places/171,ga
,Goes,http://www.vondel.humanities.uva.nl/ecartico/places/173,ga
,Goor,http://www.vondel.humanities.uva.nl/ecartico/places/987,ga
,Gorinchem,http://www.vondel.humanities.uva.nl/ecartico/places/174,ga
,Gorredijk,http://www.vondel.humanities.uva.nl/ecartico/places/1615,ga
,Göteborg,http://www.vondel.humanities.uva.nl/ecartico/places/176,ga
,Gouda,http://www.vondel.humanities.uva.nl/ecartico/places/177,ga
,Gramsbergen,http://www.vondel.humanities.uva.nl/ecartico/places/1386,ga
,Grave,http://www.vondel.humanities.uva.nl/ecartico/places/178,ga
,Grenoble,http://www.vondel.humanities.uva.nl/ecartico/places/1076,ga
,Groenlo,http://www.vondel.humanities.uva.nl/ecartico/places/601,ga
,Groesbeek,http://www.vondel.humanities.uva.nl/ecartico/places/2492,ga
,Gronau,http://www.vondel.humanities.uva.nl/ecartico/places/1672,ga
,Groningen,http://www.vondel.humanities.uva.nl/ecartico/places/182,ga
,Haaksbergen,http://www.vondel.humanities.uva.nl/ecartico/places/1163,ga
,Haarlem,http://www.vondel.humanities.uva.nl/ecartico/places/184,ga
,Haderslev,http://www.vondel.humanities.uva.nl/ecartico/places/1964,ga
,Halberstadt,http://www.vondel.humanities.uva.nl/ecartico/places/1855,ga
,Hamburg,http://www.vondel.humanities.uva.nl/ecartico/places/187,ga
,Hamm,http://www.vondel.humanities.uva.nl/ecartico/places/2967,ga
,Hanau,http://www.vondel.humanities.uva.nl/ecartico/places/189,ga
,Hannover,http://www.vondel.humanities.uva.nl/ecartico/places/681,ga
,Hannoversch Münden,http://www.vondel.humanities.uva.nl/ecartico/places/954,ga
,Hardegarijp,http://www.vondel.humanities.uva.nl/ecartico/places/778,ga
,Hardenberg,http://www.vondel.humanities.uva.nl/ecartico/places/796,ga
,Harderwijk,http://www.vondel.humanities.uva.nl/ecartico/places/190,ga
,Harlingen,http://www.vondel.humanities.uva.nl/ecartico/places/192,ga
,Harssens,http://www.vondel.humanities.uva.nl/ecartico/places/3084,ga
,Haselünne,http://www.vondel.humanities.uva.nl/ecartico/places/1135,ga
,Hattem,http://www.vondel.humanities.uva.nl/ecartico/places/1103,ga
,Heerenveen,http://www.vondel.humanities.uva.nl/ecartico/places/199,ga
,Heide,http://www.vondel.humanities.uva.nl/ecartico/places/834,ga
,Heidelberg,http://www.vondel.humanities.uva.nl/ecartico/places/200,ga
,Helmond,http://www.vondel.humanities.uva.nl/ecartico/places/202,ga
,Helsingborg,http://www.vondel.humanities.uva.nl/ecartico/places/2220,ga
,Helsingør,http://www.vondel.humanities.uva.nl/ecartico/places/203,ga
,Helsinki,http://www.vondel.humanities.uva.nl/ecartico/places/3079,ga
,Hilversum,http://www.vondel.humanities.uva.nl/ecartico/places/2529,ga
,Hindeloopen,http://www.vondel.humanities.uva.nl/ecartico/places/212,ga
,Holstein,http://www.vondel.humanities.uva.nl/ecartico/places/747,ga
,Hooksiel,http://www.vondel.humanities.uva.nl/ecartico/places/3093,ga
,Hoorn,http://www.vondel.humanities.uva.nl/ecartico/places/219,ga
,Husum,http://www.vondel.humanities.uva.nl/ecartico/places/760,ga
,Ieper,http://www.vondel.humanities.uva.nl/ecartico/places/224,ga
,Ierland,http://www.vondel.humanities.uva.nl/ecartico/places/225,ga
,IJsselstein,http://www.vondel.humanities.uva.nl/ecartico/places/227,ga
,Ilpendam,http://www.vondel.humanities.uva.nl/ecartico/places/922,ga
,Innsbruck,http://www.vondel.humanities.uva.nl/ecartico/places/230,ga
,Ipswich,http://www.vondel.humanities.uva.nl/ecartico/places/1627,ga
,Iserlohn,http://www.vondel.humanities.uva.nl/ecartico/places/1518,ga
,Istrup (Blomberg),http://www.vondel.humanities.uva.nl/ecartico/places/3083,ga
,Izegem,http://www.vondel.humanities.uva.nl/ecartico/places/940,ga
,Jever,http://www.vondel.humanities.uva.nl/ecartico/places/967,ga
,Jeverland,http://www.vondel.humanities.uva.nl/ecartico/places/1701,ga
,Jisp,http://www.vondel.humanities.uva.nl/ecartico/places/234,ga
,Joure,http://www.vondel.humanities.uva.nl/ecartico/places/951,ga
,Kalkar,http://www.vondel.humanities.uva.nl/ecartico/places/238,ga
,Kampen (Overijssel),http://www.vondel.humanities.uva.nl/ecartico/places/240,ga
,Keulen,http://www.vondel.humanities.uva.nl/ecartico/places/242,ga
,Kiel,http://www.vondel.humanities.uva.nl/ecartico/places/864,ga
,Kleef,http://www.vondel.humanities.uva.nl/ecartico/places/245,ga
,Kolderveen,http://www.vondel.humanities.uva.nl/ecartico/places/997,ga
,Königsbrück,http://www.vondel.humanities.uva.nl/ecartico/places/3057,ga
,Koningsbergen (Kaliningrad),http://www.vondel.humanities.uva.nl/ecartico/places/696,ga
,Kopenhagen,http://www.vondel.humanities.uva.nl/ecartico/places/248,ga
,Kortrijk,http://www.vondel.humanities.uva.nl/ecartico/places/250,ga
,Köthen (Anhalt),http://www.vondel.humanities.uva.nl/ecartico/places/3072,ga
,Kristiansand,http://www.vondel.humanities.uva.nl/ecartico/places/980,ga
,Kristianstad,http://www.vondel.humanities.uva.nl/ecartico/places/1951,ga
,Kristiansund,http://www.vondel.humanities.uva.nl/ecartico/places/3075,ga
,Kuinre,http://www.vondel.humanities.uva.nl/ecartico/places/857,ga
,Kwaadieper,http://www.vondel.humanities.uva.nl/ecartico/places/2919,ga
,La Rochelle,http://www.vondel.humanities.uva.nl/ecartico/places/870,ga
,La Tremblade,http://www.vondel.humanities.uva.nl/ecartico/places/3098,ga
,Land Wursten,http://www.vondel.humanities.uva.nl/ecartico/places/1732,ga
,Leeuwarden,http://www.vondel.humanities.uva.nl/ecartico/places/261,ga
,Leiden,http://www.vondel.humanities.uva.nl/ecartico/places/262,ga
,Leidschendam,http://www.vondel.humanities.uva.nl/ecartico/places/2141,ga
,Leimuiden,http://www.vondel.humanities.uva.nl/ecartico/places/960,ga
,Leipzig,http://www.vondel.humanities.uva.nl/ecartico/places/264,ga
,Lemgo,http://www.vondel.humanities.uva.nl/ecartico/places/265,ga
,Lemmer,http://www.vondel.humanities.uva.nl/ecartico/places/1047,ga
,Lichtenvoorde,http://www.vondel.humanities.uva.nl/ecartico/places/1449,ga
,Lingen,http://www.vondel.humanities.uva.nl/ecartico/places/988,ga
,Lippenhuizen,http://www.vondel.humanities.uva.nl/ecartico/places/585,ga
,Lippstadt,http://www.vondel.humanities.uva.nl/ecartico/places/852,ga
,Lissabon,http://www.vondel.humanities.uva.nl/ecartico/places/273,ga
,Livorno,http://www.vondel.humanities.uva.nl/ecartico/places/666,ga
,Londen,http://www.vondel.humanities.uva.nl/ecartico/places/279,ga
,Londerzeel,http://www.vondel.humanities.uva.nl/ecartico/places/2610,ga
,Loosdrecht,http://www.vondel.humanities.uva.nl/ecartico/places/1064,ga
,Loosduinen,http://www.vondel.humanities.uva.nl/ecartico/places/281,ga
,Lübbecke,http://www.vondel.humanities.uva.nl/ecartico/places/3077,ga
,Lübeck,http://www.vondel.humanities.uva.nl/ecartico/places/283,ga
,Lübzin,http://www.vondel.humanities.uva.nl/ecartico/places/3078,ga
,Luik,http://www.vondel.humanities.uva.nl/ecartico/places/284,ga
,Lunden,http://www.vondel.humanities.uva.nl/ecartico/places/1042,ga
,Lunteren,http://www.vondel.humanities.uva.nl/ecartico/places/1360,ga
,Maarssen,http://www.vondel.humanities.uva.nl/ecartico/places/288,ga
,Maaseik,http://www.vondel.humanities.uva.nl/ecartico/places/289,ga
,Maasland,http://www.vondel.humanities.uva.nl/ecartico/places/1216,ga
,Maassluis,http://www.vondel.humanities.uva.nl/ecartico/places/290,ga
,Maastricht,http://www.vondel.humanities.uva.nl/ecartico/places/291,ga
,Madrid,http://www.vondel.humanities.uva.nl/ecartico/places/294,ga
,Magdeburg,http://www.vondel.humanities.uva.nl/ecartico/places/698,ga
,Makkum,http://www.vondel.humanities.uva.nl/ecartico/places/296,ga
,Mandal,http://www.vondel.humanities.uva.nl/ecartico/places/3076,ga
,Mannheim,http://www.vondel.humanities.uva.nl/ecartico/places/297,ga
,Manslagt,http://www.vondel.humanities.uva.nl/ecartico/places/1037,ga
,Marokko,http://www.vondel.humanities.uva.nl/ecartico/places/301,ga
,Marseille,http://www.vondel.humanities.uva.nl/ecartico/places/623,ga
,Marstrand,http://www.vondel.humanities.uva.nl/ecartico/places/3059,ga
,Mechelen,http://www.vondel.humanities.uva.nl/ecartico/places/305,ga
,Mechelen (Nederland),http://www.vondel.humanities.uva.nl/ecartico/places/3063,ga
,Medemblik,http://www.vondel.humanities.uva.nl/ecartico/places/306,ga
,Metz,http://www.vondel.humanities.uva.nl/ecartico/places/312,ga
,Middelburg,http://www.vondel.humanities.uva.nl/ecartico/places/314,ga
,Mihla,http://www.vondel.humanities.uva.nl/ecartico/places/3064,ga
,Mijdrecht,http://www.vondel.humanities.uva.nl/ecartico/places/317,ga
,Milaan,http://www.vondel.humanities.uva.nl/ecartico/places/318,ga
,Mill,http://www.vondel.humanities.uva.nl/ecartico/places/3065,ga
,Minden,http://www.vondel.humanities.uva.nl/ecartico/places/1219,ga
,Moerdijk,http://www.vondel.humanities.uva.nl/ecartico/places/3066,ga
,Moers,http://www.vondel.humanities.uva.nl/ecartico/places/325,ga
,Molkwerum,http://www.vondel.humanities.uva.nl/ecartico/places/2633,ga
,Monnickendam,http://www.vondel.humanities.uva.nl/ecartico/places/321,ga
,Monster,http://www.vondel.humanities.uva.nl/ecartico/places/1740,ga
,Montauban,http://www.vondel.humanities.uva.nl/ecartico/places/1495,ga
,Montfoort,http://www.vondel.humanities.uva.nl/ecartico/places/322,ga
,Montpellier,http://www.vondel.humanities.uva.nl/ecartico/places/711,ga
,Moordrecht,http://www.vondel.humanities.uva.nl/ecartico/places/1928,ga
,Muiden,http://www.vondel.humanities.uva.nl/ecartico/places/328,ga
,Muiderberg,http://www.vondel.humanities.uva.nl/ecartico/places/2640,ga
,Münden (Hannoversch Münden),http://www.vondel.humanities.uva.nl/ecartico/places/954,ga
,Münster,http://www.vondel.humanities.uva.nl/ecartico/places/330,ga
,Münsterland,http://www.vondel.humanities.uva.nl/ecartico/places/1014,ga
,Naaldwijk,http://www.vondel.humanities.uva.nl/ecartico/places/332,ga
,Naarden,http://www.vondel.humanities.uva.nl/ecartico/places/333,ga
,Namen,http://www.vondel.humanities.uva.nl/ecartico/places/334,ga
,Nancy,http://www.vondel.humanities.uva.nl/ecartico/places/700,ga
,Nantes,http://www.vondel.humanities.uva.nl/ecartico/places/729,ga
,Napels,http://www.vondel.humanities.uva.nl/ecartico/places/335,ga
,Nederhorst den Berg,http://www.vondel.humanities.uva.nl/ecartico/places/1137,ga
,Neurenberg,http://www.vondel.humanities.uva.nl/ecartico/places/342,ga
,Nieuwendam,http://www.vondel.humanities.uva.nl/ecartico/places/587,ga
,Nijmegen,http://www.vondel.humanities.uva.nl/ecartico/places/350,ga
,Nîmes,http://www.vondel.humanities.uva.nl/ecartico/places/659,ga
,Norden,http://www.vondel.humanities.uva.nl/ecartico/places/892,ga
,Oldeboorn,http://www.vondel.humanities.uva.nl/ecartico/places/2094,ga
,Oldenburg,http://www.vondel.humanities.uva.nl/ecartico/places/369,ga
,Oldenburger Land,http://www.vondel.humanities.uva.nl/ecartico/places/370,ga
,Oldenswort,http://www.vondel.humanities.uva.nl/ecartico/places/1092,ga
,Oldenzaal,http://www.vondel.humanities.uva.nl/ecartico/places/1176,ga
,Oost-Friesland,http://www.vondel.humanities.uva.nl/ecartico/places/374,ga
,Oostzaan,http://www.vondel.humanities.uva.nl/ecartico/places/375,ga
,Ootmarsum,http://www.vondel.humanities.uva.nl/ecartico/places/1036,ga
,Oslo,http://www.vondel.humanities.uva.nl/ecartico/places/768,ga
,Osnabrück,http://www.vondel.humanities.uva.nl/ecartico/places/695,ga
,Ottmarsbocholt,http://www.vondel.humanities.uva.nl/ecartico/places/3082,ga
,Oudenaarde,http://www.vondel.humanities.uva.nl/ecartico/places/383,ga
,Oudewater,http://www.vondel.humanities.uva.nl/ecartico/places/386,ga
,Paderborn,http://www.vondel.humanities.uva.nl/ecartico/places/797,ga
,Papendrecht,http://www.vondel.humanities.uva.nl/ecartico/places/1504,ga
,Parijs,http://www.vondel.humanities.uva.nl/ecartico/places/395,ga
,Pingjum,http://www.vondel.humanities.uva.nl/ecartico/places/2713,ga
,Porto,http://www.vondel.humanities.uva.nl/ecartico/places/1837,ga
,Potsdam (Berlijn),http://www.vondel.humanities.uva.nl/ecartico/places/405,ga
,Praag,http://www.vondel.humanities.uva.nl/ecartico/places/406,ga
,Purmerend,http://www.vondel.humanities.uva.nl/ecartico/places/410,ga
,Purmerland,http://www.vondel.humanities.uva.nl/ecartico/places/726,ga
,Putten,http://www.vondel.humanities.uva.nl/ecartico/places/934,ga
,Quakenbrück,http://www.vondel.humanities.uva.nl/ecartico/places/1652,ga
,Raalte,http://www.vondel.humanities.uva.nl/ecartico/places/1381,ga
,Ransdorp,http://www.vondel.humanities.uva.nl/ecartico/places/836,ga
,Recife,http://www.vondel.humanities.uva.nl/ecartico/places/840,ga
,Rees,http://www.vondel.humanities.uva.nl/ecartico/places/414,ga
,Rennes,http://www.vondel.humanities.uva.nl/ecartico/places/418,ga
,Rheinberg,http://www.vondel.humanities.uva.nl/ecartico/places/1066,ga
,Ribe,http://www.vondel.humanities.uva.nl/ecartico/places/868,ga
,Riga,http://www.vondel.humanities.uva.nl/ecartico/places/824,ga
,Risør,http://www.vondel.humanities.uva.nl/ecartico/places/1998,ga
,Roermond,http://www.vondel.humanities.uva.nl/ecartico/places/427,ga
,Rostock,http://www.vondel.humanities.uva.nl/ecartico/places/1193,ga
,Rotterdam,http://www.vondel.humanities.uva.nl/ecartico/places/431,ga
,Roubaix,http://www.vondel.humanities.uva.nl/ecartico/places/800,ga
,Rouen,http://www.vondel.humanities.uva.nl/ecartico/places/678,ga
,Rügenwalde,http://www.vondel.humanities.uva.nl/ecartico/places/3080,ga
,Rügenwaldermünde,http://www.vondel.humanities.uva.nl/ecartico/places/3081,ga
,Ruinen,http://www.vondel.humanities.uva.nl/ecartico/places/433,ga
,Ruinerwold,http://www.vondel.humanities.uva.nl/ecartico/places/1331,ga
,Schagen,http://www.vondel.humanities.uva.nl/ecartico/places/443,ga
,Schagerbrug,http://www.vondel.humanities.uva.nl/ecartico/places/1570,ga
,Schermbeck,http://www.vondel.humanities.uva.nl/ecartico/places/1749,ga
,Schiedam,http://www.vondel.humanities.uva.nl/ecartico/places/447,ga
,Schoonhoven,http://www.vondel.humanities.uva.nl/ecartico/places/449,ga
,Schoorl,http://www.vondel.humanities.uva.nl/ecartico/places/450,ga
,Schotland,http://www.vondel.humanities.uva.nl/ecartico/places/451,ga
,Schüttorf,http://www.vondel.humanities.uva.nl/ecartico/places/722,ga
,Schwerin,http://www.vondel.humanities.uva.nl/ecartico/places/1864,ga
,Sengwarden,http://www.vondel.humanities.uva.nl/ecartico/places/1812,ga
,Sint-Winoksbergen (Bergues),http://www.vondel.humanities.uva.nl/ecartico/places/466,ga
,Sittard,http://www.vondel.humanities.uva.nl/ecartico/places/919,ga
,Skærbæk,http://www.vondel.humanities.uva.nl/ecartico/places/3073,ga
,Skåne,http://www.vondel.humanities.uva.nl/ecartico/places/1270,ga
,Sloten (Friesland),http://www.vondel.humanities.uva.nl/ecartico/places/589,ga
,Sloten (NH),http://www.vondel.humanities.uva.nl/ecartico/places/468,ga
,Sloterdijk,http://www.vondel.humanities.uva.nl/ecartico/places/637,ga
,Sluis,http://www.vondel.humanities.uva.nl/ecartico/places/469,ga
,Smyrna (Izmir),http://www.vondel.humanities.uva.nl/ecartico/places/470,ga
,Sneek,http://www.vondel.humanities.uva.nl/ecartico/places/471,ga
,Solingen,http://www.vondel.humanities.uva.nl/ecartico/places/476,ga
,Spaarndam,http://www.vondel.humanities.uva.nl/ecartico/places/480,ga
,Staphorst,http://www.vondel.humanities.uva.nl/ecartico/places/2080,ga
,Stavanger,http://www.vondel.humanities.uva.nl/ecartico/places/1907,ga
,Stavoren,http://www.vondel.humanities.uva.nl/ecartico/places/1084,ga
,Steenwijk,http://www.vondel.humanities.uva.nl/ecartico/places/485,ga
,Steenwijkerwold,http://www.vondel.humanities.uva.nl/ecartico/places/1293,ga
,Stettin,http://www.vondel.humanities.uva.nl/ecartico/places/488,ga
,Stockholm,http://www.vondel.humanities.uva.nl/ecartico/places/489,ga
,Straatsburg,http://www.vondel.humanities.uva.nl/ecartico/places/490,ga
,Stralsund,http://www.vondel.humanities.uva.nl/ecartico/places/901,ga
,Suriname,http://www.vondel.humanities.uva.nl/ecartico/places/493,ga
,Tallinn,http://www.vondel.humanities.uva.nl/ecartico/places/1122,ga
,Tecklenburg,http://www.vondel.humanities.uva.nl/ecartico/places/1673,ga
,Termunten,http://www.vondel.humanities.uva.nl/ecartico/places/2790,ga
,Termunterzijl,http://www.vondel.humanities.uva.nl/ecartico/places/3097,ga
,Ternaard,http://www.vondel.humanities.uva.nl/ecartico/places/1617,ga
,Ternate,http://www.vondel.humanities.uva.nl/ecartico/places/642,ga
,Terneuzen,http://www.vondel.humanities.uva.nl/ecartico/places/1642,ga
,Terschelling,http://www.vondel.humanities.uva.nl/ecartico/places/1011,ga
,Texel,http://www.vondel.humanities.uva.nl/ecartico/places/803,ga
,Thamen,http://www.vondel.humanities.uva.nl/ecartico/places/3062,ga
,Tholen,http://www.vondel.humanities.uva.nl/ecartico/places/924,ga
,Tiel,http://www.vondel.humanities.uva.nl/ecartico/places/782,ga
,Tielen,http://www.vondel.humanities.uva.nl/ecartico/places/2795,ga
,Tielt,http://www.vondel.humanities.uva.nl/ecartico/places/1417,ga
,Tienen,http://www.vondel.humanities.uva.nl/ecartico/places/494,ga
,Tienhoven,http://www.vondel.humanities.uva.nl/ecartico/places/3049,ga
,Tilburg,http://www.vondel.humanities.uva.nl/ecartico/places/495,ga
,Tønder,http://www.vondel.humanities.uva.nl/ecartico/places/790,ga
,Tongeren,http://www.vondel.humanities.uva.nl/ecartico/places/498,ga
,Tonneins,http://www.vondel.humanities.uva.nl/ecartico/places/1660,ga
,Tönning,http://www.vondel.humanities.uva.nl/ecartico/places/500,ga
,Tønsberg,http://www.vondel.humanities.uva.nl/ecartico/places/3100,ga
,Torhout,http://www.vondel.humanities.uva.nl/ecartico/places/2800,ga
,Toulouse,http://www.vondel.humanities.uva.nl/ecartico/places/502,ga
,Tourcoing,http://www.vondel.humanities.uva.nl/ecartico/places/503,ga
,Tours,http://www.vondel.humanities.uva.nl/ecartico/places/504,ga
,Travemünde,http://www.vondel.humanities.uva.nl/ecartico/places/3099,ga
,Trondheim,http://www.vondel.humanities.uva.nl/ecartico/places/707,ga
,Tubbergen,http://www.vondel.humanities.uva.nl/ecartico/places/2801,ga
,Turnhout,http://www.vondel.humanities.uva.nl/ecartico/places/818,ga
,Twello,http://www.vondel.humanities.uva.nl/ecartico/places/1619,ga
,Tzummarum,http://www.vondel.humanities.uva.nl/ecartico/places/1336,ga
,Uitgeest,http://www.vondel.humanities.uva.nl/ecartico/places/510,ga
,Uithoorn,http://www.vondel.humanities.uva.nl/ecartico/places/511,ga
,Uithuizen,http://www.vondel.humanities.uva.nl/ecartico/places/1969,ga
,Uithuizermeeden,http://www.vondel.humanities.uva.nl/ecartico/places/3056,ga
,Ureterp,http://www.vondel.humanities.uva.nl/ecartico/places/2809,ga
,Urk,http://www.vondel.humanities.uva.nl/ecartico/places/897,ga
,Utrecht,http://www.vondel.humanities.uva.nl/ecartico/places/512,ga
,Valencia,http://www.vondel.humanities.uva.nl/ecartico/places/787,ga
,Valenciennes,http://www.vondel.humanities.uva.nl/ecartico/places/514,ga
,Varsseveld,http://www.vondel.humanities.uva.nl/ecartico/places/2046,ga
,Veendam,http://www.vondel.humanities.uva.nl/ecartico/places/1623,ga
,Veere,http://www.vondel.humanities.uva.nl/ecartico/places/516,ga
,Venetië,http://www.vondel.humanities.uva.nl/ecartico/places/519,ga
,Venhuizen,http://www.vondel.humanities.uva.nl/ecartico/places/1807,ga
,Venlo,http://www.vondel.humanities.uva.nl/ecartico/places/520,ga
,Vianen,http://www.vondel.humanities.uva.nl/ecartico/places/523,ga
,Viborg,http://www.vondel.humanities.uva.nl/ecartico/places/739,ga
,Vledder,http://www.vondel.humanities.uva.nl/ecartico/places/1616,ga
,Vleuten,http://www.vondel.humanities.uva.nl/ecartico/places/527,ga
,Vlieland,http://www.vondel.humanities.uva.nl/ecartico/places/942,ga
,Vlijmen,http://www.vondel.humanities.uva.nl/ecartico/places/2043,ga
,Vlissingen,http://www.vondel.humanities.uva.nl/ecartico/places/528,ga
,Volendam,http://www.vondel.humanities.uva.nl/ecartico/places/935,ga
,Vollenhove,http://www.vondel.humanities.uva.nl/ecartico/places/529,ga
,Vreeland,http://www.vondel.humanities.uva.nl/ecartico/places/1136,ga
,Vriezenveen,http://www.vondel.humanities.uva.nl/ecartico/places/915,ga
,Waalwijk,http://www.vondel.humanities.uva.nl/ecartico/places/532,ga
,Waverveen,http://www.vondel.humanities.uva.nl/ecartico/places/944,ga
,Weesp,http://www.vondel.humanities.uva.nl/ecartico/places/543,ga
,Werkendam,http://www.vondel.humanities.uva.nl/ecartico/places/1458,ga
,Wesel,http://www.vondel.humanities.uva.nl/ecartico/places/546,ga
,West-Indië,http://www.vondel.humanities.uva.nl/ecartico/places/547,ga
,Wiedenbrück,http://www.vondel.humanities.uva.nl/ecartico/places/3102,ga
,Wieringen,http://www.vondel.humanities.uva.nl/ecartico/places/816,ga
,Wierum,http://www.vondel.humanities.uva.nl/ecartico/places/2858,ga
,Wiesbaden,http://www.vondel.humanities.uva.nl/ecartico/places/1863,ga
,Wijk aan Zee,http://www.vondel.humanities.uva.nl/ecartico/places/552,ga
,Wijk bij Duurstede,http://www.vondel.humanities.uva.nl/ecartico/places/553,ga
,Winkel,http://www.vondel.humanities.uva.nl/ecartico/places/2866,ga
,Winschoten,http://www.vondel.humanities.uva.nl/ecartico/places/1083,ga
,Winterswijk,http://www.vondel.humanities.uva.nl/ecartico/places/1068,ga
,Witmarsum,http://www.vondel.humanities.uva.nl/ecartico/places/1022,ga
,Wittenberg,http://www.vondel.humanities.uva.nl/ecartico/places/3094,ga
,Wittmund,http://www.vondel.humanities.uva.nl/ecartico/places/1006,ga
,Woerden,http://www.vondel.humanities.uva.nl/ecartico/places/57,ga
,Wolfenbüttel,http://www.vondel.humanities.uva.nl/ecartico/places/660,ga
,Wolvega,http://www.vondel.humanities.uva.nl/ecartico/places/2230,ga
,Wormer,http://www.vondel.humanities.uva.nl/ecartico/places/560,ga
,Wormerveer,http://www.vondel.humanities.uva.nl/ecartico/places/1259,ga
,Worms,http://www.vondel.humanities.uva.nl/ecartico/places/2209,ga
,Woubrugge,http://www.vondel.humanities.uva.nl/ecartico/places/1980,ga
,Woudenberg,http://www.vondel.humanities.uva.nl/ecartico/places/809,ga
,Woudrichem,http://www.vondel.humanities.uva.nl/ecartico/places/1515,ga
,Xanten,http://www.vondel.humanities.uva.nl/ecartico/places/705,ga
,York,http://www.vondel.humanities.uva.nl/ecartico/places/687,ga
,Zaandam,http://www.vondel.humanities.uva.nl/ecartico/places/562,ga
,Zaltbommel,http://www.vondel.humanities.uva.nl/ecartico/places/563,ga
,Zierikzee,http://www.vondel.humanities.uva.nl/ecartico/places/570,ga
,Zutphen,http://www.vondel.humanities.uva.nl/ecartico/places/576,ga
,Zwartsluis,http://www.vondel.humanities.uva.nl/ecartico/places/1639,ga
,Zweden,http://www.vondel.humanities.uva.nl/ecartico/places/583,ga
,Zweibrücken,http://www.vondel.humanities.uva.nl/ecartico/places/1693,ga
,Zwolle,http://www.vondel.humanities.uva.nl/ecartico/places/580,ga
